,Accuracy,Precision,Recall,F1,ROC-AUC,LogLoss
Baseline: 主場必勝,0.5558265582655827,0.5558265582655827,1.0,0.7145096673053475,0.5,0.6870166617600127
Baseline: 多數類別,0.5558265582655827,0.5558265582655827,1.0,0.7145096673053475,0.5,0.6870166617600127
Logistic Regression,0.6376693766937669,0.6470345963756178,0.7659678205753291,0.7014958696137531,0.6749120728322231,0.6414140741493695
