,Accuracy,Precision,Recall,F1,ROC-AUC,LogLoss
Logistic Regression,0.6783673469387755,0.6882591093117408,0.7578008915304606,0.7213578500707214,0.7292117546353123,0.6044301407477859
Decision Tree,0.6522448979591837,0.6545682102628285,0.7771173848439822,0.7105978260869565,0.6935229450653574,0.631251547849465
XGBoost,0.6722448979591836,0.6858316221765913,0.7444279346210996,0.7139294620591379,0.7246265774059479,0.6085729002952576
