,Accuracy,Precision,Recall,F1,ROC-AUC,LogLoss
Logistic Regression,0.6363143631436314,0.649514972585407,0.7508532423208191,0.6965174129353234,0.690493097163276,0.6315453473035353
Decision Tree,0.6330623306233062,0.6560680698611733,0.7142857142857143,0.6839402427637722,0.662047174714101,0.6694543024996374
XGBoost,0.6428184281842818,0.6573636753971661,0.7464651389566065,0.6990867579908676,0.6898193086662289,0.6313050389289856
